Order_ID,Order_Date,Region,Segment,Product,Category,Quantity,Discount,Sales
ORD0009,2025-01-03,East,Consumer,Notebook,Office Supplies,2,0.0,500.0
ORD0036,2025-01-04,North,Corporate,Backpack,Office Supplies,1,0.0,1800.0
ORD0118,2025-01-05,West,Consumer,Headphones,Technology,4,0.1,9000.0
ORD0062,2025-01-06,South,Consumer,Printer,Technology,1,0.15,11900.0
ORD0053,2025-01-07,North,Home Office,Laptop,Technology,5,0.0,325000.0
ORD0101,2025-01-21,East,Consumer,Office Chair,Furniture,3,0.1,22950.0
ORD0013,2025-01-26,North,Corporate,Backpack,Office Supplies,1,0.15,1530.0
ORD0008,2025-01-27,North,Home Office,Backpack,Office Supplies,1,0.15,1530.0
ORD0031,2025-01-27,West,Consumer,Desk,Furniture,1,0.0,12000.0
ORD0105,2025-02-02,West,Consumer,Headphones,Technology,3,0.15,6375.0
ORD0117,2025-02-02,South,Home Office,Printer,Technology,3,0.15,35700.0
ORD0048,2025-02-06,North,Corporate,Desk,Furniture,1,0.1,10800.0
ORD0015,2025-02-08,South,Corporate,Printer,Technology,1,0.05,13300.0
ORD0047,2025-02-09,East,Consumer,Notebook,Office Supplies,1,0.15,212.5
ORD0059,2025-02-14,South,Consumer,Headphones,Technology,2,0.15,4250.0
ORD0077,2025-02-15,West,Corporate,Notebook,Office Supplies,1,0.15,212.5
ORD0079,2025-02-17,East,Consumer,Printer,Technology,3,0.0,42000.0
ORD0075,2025-02-24,East,Corporate,Smartphone,Technology,2,0.15,54400.0
ORD0040,2025-03-07,North,Consumer,Office Chair,Furniture,5,0.05,40375.0
ORD0045,2025-03-07,North,Home Office,Desk,Furniture,2,0.15,20400.0
ORD0029,2025-03-12,North,Corporate,Printer,Technology,4,0.0,56000.0
ORD0095,2025-03-18,North,Corporate,Printer,Technology,2,0.15,23800.0
ORD0072,2025-03-18,West,Home Office,Notebook,Office Supplies,1,0.0,250.0
ORD0044,2025-03-19,South,Home Office,Office Chair,Furniture,4,0.1,30600.0
ORD0112,2025-03-22,North,Consumer,Printer,Technology,5,0.15,59500.0
ORD0012,2025-03-29,North,Consumer,Backpack,Office Supplies,1,0.1,1620.0
ORD0026,2025-03-30,North,Corporate,Office Chair,Furniture,3,0.15,21675.0
ORD0093,2025-03-30,West,Corporate,Notebook,Office Supplies,4,0.15,850.0
ORD0030,2025-04-05,North,Consumer,Laptop,Technology,4,0.1,234000.0
ORD0063,2025-04-05,South,Consumer,Printer,Technology,1,0.1,12600.0
ORD0046,2025-04-08,North,Corporate,Backpack,Office Supplies,1,0.0,1800.0
ORD0094,2025-04-09,South,Corporate,Office Chair,Furniture,2,0.0,17000.0
ORD0011,2025-04-09,North,Corporate,Headphones,Technology,3,0.1,6750.0
ORD0074,2025-04-11,West,Home Office,Printer,Technology,1,0.1,12600.0
ORD0064,2025-04-12,West,Consumer,Headphones,Technology,3,0.05,7125.0
ORD0056,2025-04-17,East,Home Office,Backpack,Office Supplies,6,0.05,10260.0
ORD0100,2025-04-19,North,Consumer,Office Chair,Furniture,1,0.0,8500.0
ORD0085,2025-04-19,East,Corporate,Smartphone,Technology,2,0.15,54400.0
ORD0051,2025-04-21,South,Corporate,Office Chair,Furniture,5,0.1,38250.0
ORD0084,2025-04-24,South,Corporate,Backpack,Office Supplies,2,0.1,3240.0
ORD0061,2025-05-03,East,Corporate,Backpack,Office Supplies,4,0.05,6840.0
ORD0114,2025-05-03,South,Home Office,Office Chair,Furniture,5,0.0,42500.0
ORD0097,2025-05-07,West,Corporate,Printer,Technology,2,0.1,25200.0
ORD0115,2025-05-08,East,Corporate,Printer,Technology,3,0.1,37800.0
ORD0087,2025-05-08,North,Home Office,Laptop,Technology,3,0.0,195000.0
ORD0067,2025-05-15,North,Home Office,Laptop,Technology,6,0.0,390000.0
ORD0035,2025-05-15,South,Corporate,Desk,Furniture,3,0.1,32400.0
ORD0083,2025-05-15,East,Home Office,Office Chair,Furniture,5,0.15,36125.0
ORD0021,2025-05-16,South,Home Office,Headphones,Technology,3,0.0,7500.0
ORD0052,2025-05-19,East,Corporate,Smartphone,Technology,3,0.15,81600.0
ORD0038,2025-05-26,East,Consumer,Printer,Technology,1,0.1,12600.0
ORD0106,2025-05-27,North,Corporate,Headphones,Technology,3,0.05,7125.0
ORD0065,2025-05-30,North,Home Office,Printer,Technology,1,0.0,14000.0
ORD0055,2025-06-04,East,Consumer,Printer,Technology,2,0.15,23800.0
ORD0019,2025-06-09,South,Consumer,Desk,Furniture,6,0.15,61200.0
ORD0018,2025-06-11,West,Home Office,Laptop,Technology,2,0.15,110500.0
ORD0049,2025-06-14,North,Corporate,Headphones,Technology,2,0.1,4500.0
ORD0037,2025-06-14,East,Corporate,Smartphone,Technology,3,0.05,91200.0
ORD0050,2025-06-16,North,Consumer,Headphones,Technology,4,0.0,10000.0
ORD0110,2025-06-17,West,Consumer,Laptop,Technology,1,0.1,58500.0
ORD0111,2025-07-05,West,Corporate,Smartphone,Technology,5,0.05,152000.0
ORD0088,2025-07-05,West,Consumer,Notebook,Office Supplies,4,0.0,1000.0
ORD0024,2025-07-06,West,Corporate,Laptop,Technology,6,0.15,331500.0
ORD0071,2025-07-07,North,Home Office,Office Chair,Furniture,1,0.0,8500.0
ORD0070,2025-07-10,North,Corporate,Backpack,Office Supplies,4,0.15,6120.0
ORD0057,2025-07-14,North,Home Office,Smartphone,Technology,4,0.05,121600.0
ORD0082,2025-07-15,South,Home Office,Laptop,Technology,4,0.15,221000.0
ORD0099,2025-07-20,East,Home Office,Laptop,Technology,4,0.1,234000.0
ORD0073,2025-07-20,East,Home Office,Smartphone,Technology,6,0.15,163200.0
ORD0022,2025-07-21,South,Consumer,Printer,Technology,2,0.15,23800.0
ORD0043,2025-07-28,East,Home Office,Smartphone,Technology,5,0.05,152000.0
ORD0006,2025-07-29,East,Home Office,Smartphone,Technology,5,0.15,136000.0
ORD0007,2025-07-29,North,Home Office,Backpack,Office Supplies,1,0.15,1530.0
ORD0003,2025-08-03,South,Consumer,Desk,Furniture,5,0.1,54000.0
ORD0034,2025-08-08,East,Home Office,Laptop,Technology,6,0.0,390000.0
ORD0086,2025-08-12,East,Consumer,Backpack,Office Supplies,4,0.0,7200.0
ORD0041,2025-08-12,East,Home Office,Printer,Technology,5,0.15,59500.0
ORD0113,2025-08-14,South,Consumer,Printer,Technology,2,0.05,26600.0
ORD0091,2025-08-15,West,Consumer,Printer,Technology,1,0.05,13300.0
ORD0116,2025-08-19,North,Corporate,Headphones,Technology,6,0.1,13500.0
ORD0092,2025-08-21,West,Consumer,Headphones,Technology,6,0.15,12750.0
ORD0033,2025-08-22,South,Consumer,Office Chair,Furniture,6,0.0,51000.0
ORD0023,2025-08-24,North,Consumer,Office Chair,Furniture,2,0.15,14450.0
ORD0109,2025-08-26,North,Consumer,Desk,Furniture,6,0.0,72000.0
ORD0032,2025-08-30,West,Consumer,Desk,Furniture,5,0.05,57000.0
ORD0107,2025-09-08,North,Home Office,Office Chair,Furniture,5,0.15,36125.0
ORD0058,2025-09-14,South,Home Office,Headphones,Technology,5,0.15,10625.0
ORD0102,2025-09-17,South,Consumer,Headphones,Technology,2,0.0,5000.0
ORD0098,2025-09-22,North,Home Office,Desk,Furniture,3,0.15,30600.0
ORD0001,2025-09-25,North,Consumer,Notebook,Office Supplies,3,0.1,675.0
ORD0010,2025-09-27,West,Corporate,Backpack,Office Supplies,1,0.1,1620.0
ORD0005,2025-09-30,West,Corporate,Office Chair,Furniture,3,0.0,25500.0
ORD0078,2025-10-02,West,Corporate,Backpack,Office Supplies,6,0.15,9180.0
ORD0104,2025-10-05,West,Consumer,Printer,Technology,5,0.0,70000.0
ORD0020,2025-10-05,East,Home Office,Smartphone,Technology,5,0.05,152000.0
ORD0004,2025-10-10,East,Home Office,Laptop,Technology,2,0.05,123500.0
ORD0042,2025-10-14,South,Corporate,Headphones,Technology,2,0.1,4500.0
ORD0028,2025-10-22,South,Home Office,Headphones,Technology,4,0.15,8500.0
ORD0025,2025-10-24,North,Corporate,Headphones,Technology,5,0.05,11875.0
ORD0090,2025-10-27,North,Home Office,Backpack,Office Supplies,5,0.05,8550.0
ORD0016,2025-10-30,North,Consumer,Notebook,Office Supplies,2,0.05,475.0
ORD0027,2025-10-30,West,Consumer,Smartphone,Technology,5,0.0,160000.0
ORD0068,2025-11-10,North,Corporate,Smartphone,Technology,6,0.0,192000.0
ORD0069,2025-11-12,West,Consumer,Backpack,Office Supplies,4,0.05,6840.0
ORD0108,2025-11-17,South,Corporate,Notebook,Office Supplies,2,0.05,475.0
ORD0089,2025-11-18,East,Corporate,Backpack,Office Supplies,6,0.1,9720.0
ORD0120,2025-11-21,North,Home Office,Backpack,Office Supplies,3,0.1,4860.0
ORD0014,2025-11-21,North,Corporate,Laptop,Technology,6,0.05,370500.0
ORD0076,2025-11-26,West,Corporate,Desk,Furniture,3,0.1,32400.0
ORD0066,2025-11-27,South,Home Office,Desk,Furniture,5,0.1,54000.0
ORD0119,2025-11-29,West,Home Office,Laptop,Technology,4,0.1,234000.0
ORD0054,2025-11-29,North,Home Office,Printer,Technology,4,0.15,47600.0
ORD0080,2025-12-13,East,Home Office,Backpack,Office Supplies,6,0.0,10800.0
ORD0017,2025-12-13,North,Corporate,Smartphone,Technology,2,0.0,64000.0
ORD0081,2025-12-14,West,Consumer,Office Chair,Furniture,3,0.15,21675.0
ORD0039,2025-12-15,South,Corporate,Notebook,Office Supplies,3,0.05,712.5
ORD0060,2025-12-17,North,Home Office,Notebook,Office Supplies,4,0.15,850.0
ORD0002,2025-12-28,East,Corporate,Desk,Furniture,1,0.0,12000.0
ORD0096,2025-12-30,East,Consumer,Printer,Technology,4,0.0,56000.0
ORD0103,2025-12-31,North,Home Office,Printer,Technology,4,0.15,47600.0
